,support,itemsets
0,0.5384615384615384,frozenset({1})
1,0.6410256410256411,frozenset({1})
2,0.5384615384615384,frozenset({1})
